{
  "model": "EleutherAI/pythia-2.8b",
  "dataset": "pg19_local",
  "subset": null,
  "sample_idx": null,
  "tokens": 26178,
  "loss": 2.4533138275146484,
  "ppl": 11.626812200214909,
  "press": "streaming_llm",
  "compression_ratio": 0.9,
  "attn_implementation": null,
  "speed_tokens_per_s": 1.5063209039889232,
  "throughput_tokens_per_s": 1.5063209039889232,
  "peak_mem_bytes": 17142160384,
  "residual_mem_bytes": 11178247680,
  "context_tokens": 26178,
  "context_tokens_truncated": 4096,
  "ttft_seconds": 30.53584339999361,
  "tpot_ms": 663.8691644999926,
  "total_flops": 16144379412480.0,
  "avg_flops_per_token": 20180474265.6,
  "error": null
}