{
  "model": "EleutherAI/pythia-2.8b",
  "dataset": "pg19_local",
  "subset": null,
  "sample_idx": null,
  "tokens": 26178,
  "loss": 2.4533140659332275,
  "ppl": 11.626814972263283,
  "press": "no_press",
  "compression_ratio": 0.7,
  "attn_implementation": null,
  "speed_tokens_per_s": 0.20096876063868957,
  "throughput_tokens_per_s": 0.20096876063868957,
  "peak_mem_bytes": 18367026176,
  "residual_mem_bytes": 11178247680,
  "context_tokens": 26178,
  "context_tokens_truncated": 4096,
  "ttft_seconds": 16.75193600001512,
  "tpot_ms": 4975.897730681853,
  "total_flops": 13736513372160.0,
  "avg_flops_per_token": 78048371432.72728,
  "error": null
}