{
  "model": "EleutherAI/pythia-2.8b",
  "dataset": "pg19_local",
  "subset": null,
  "sample_idx": null,
  "tokens": 26178,
  "loss": 2.4533138275146484,
  "ppl": 11.626812200214909,
  "press": "knorm",
  "compression_ratio": 0.95,
  "attn_implementation": null,
  "speed_tokens_per_s": 1.3933045573273166,
  "throughput_tokens_per_s": 1.3933045573273166,
  "peak_mem_bytes": 17073488896,
  "residual_mem_bytes": 11178247680,
  "context_tokens": 26178,
  "context_tokens_truncated": 4096,
  "ttft_seconds": 9.936571400001412,
  "tpot_ms": 717.7181720543808,
  "total_flops": 15611870576640.0,
  "avg_flops_per_token": 23582886067.432026,
  "error": null
}