{
  "model": "EleutherAI/pythia-2.8b",
  "dataset": "pg19_local",
  "subset": null,
  "sample_idx": null,
  "tokens": 26178,
  "loss": 2.4533138275146484,
  "ppl": 11.626812200214909,
  "press": "random",
  "compression_ratio": 0.5,
  "attn_implementation": null,
  "speed_tokens_per_s": 0.3738918751182019,
  "throughput_tokens_per_s": 0.3738918751182019,
  "peak_mem_bytes": 17685451776,
  "residual_mem_bytes": 11178247680,
  "context_tokens": 26178,
  "context_tokens_truncated": 4096,
  "ttft_seconds": 30.22886639999342,
  "tpot_ms": 2674.5700202334187,
  "total_flops": 14049072906240.0,
  "avg_flops_per_token": 54665653331.67315,
  "error": null
}