{
  "model": "EleutherAI/pythia-2.8b",
  "dataset": "pg19_local",
  "subset": null,
  "sample_idx": null,
  "tokens": 26178,
  "loss": 2.4533138275146484,
  "ppl": 11.626812200214909,
  "press": "random",
  "compression_ratio": 0.9,
  "attn_implementation": null,
  "speed_tokens_per_s": 1.1758985198130474,
  "throughput_tokens_per_s": 1.1758985198130474,
  "peak_mem_bytes": 17142160384,
  "residual_mem_bytes": 11178247680,
  "context_tokens": 26178,
  "context_tokens_truncated": 4096,
  "ttft_seconds": 29.993086100032087,
  "tpot_ms": 850.4135205127964,
  "total_flops": 15465237708800.0,
  "avg_flops_per_token": 24784034789.74359,
  "error": null
}