{
  "model": "EleutherAI/pythia-2.8b",
  "dataset": "pg19_local",
  "subset": null,
  "sample_idx": null,
  "tokens": 26178,
  "loss": 2.4533138275146484,
  "ppl": 11.626812200214909,
  "press": "knorm",
  "compression_ratio": 0.5,
  "attn_implementation": null,
  "speed_tokens_per_s": 0.34156139273381003,
  "throughput_tokens_per_s": 0.34156139273381003,
  "peak_mem_bytes": 17685451776,
  "residual_mem_bytes": 11178247680,
  "context_tokens": 26178,
  "context_tokens_truncated": 4096,
  "ttft_seconds": 30.626979399996344,
  "tpot_ms": 2927.7313574468667,
  "total_flops": 13964180193280.0,
  "avg_flops_per_token": 59422043375.65958,
  "error": null
}