{
  "model": "EleutherAI/pythia-2.8b",
  "dataset": "wikitext",
  "subset": null,
  "sample_idx": null,
  "tokens": 286220,
  "loss": 2.330233097076416,
  "ppl": 10.280337570410179,
  "press": "streaming_llm",
  "compression_ratio": 0.95,
  "attn_implementation": null,
  "speed_tokens_per_s": 1.6012278823868673,
  "throughput_tokens_per_s": 1.6012278823868673,
  "peak_mem_bytes": 17075594752,
  "residual_mem_bytes": 11180327936,
  "context_tokens": 286220,
  "context_tokens_truncated": 4096,
  "ttft_seconds": 30.73827899999742,
  "tpot_ms": 624.5207262500026,
  "total_flops": 16144379412480.0,
  "avg_flops_per_token": 20180474265.6,
  "error": null
}