{
  "model": "EleutherAI/pythia-2.8b",
  "dataset": "wikitext",
  "subset": null,
  "sample_idx": null,
  "tokens": 286220,
  "loss": 2.330233097076416,
  "ppl": 10.280337570410179,
  "press": "keydiff",
  "compression_ratio": 0.5,
  "attn_implementation": null,
  "speed_tokens_per_s": 1.1195920850134087,
  "throughput_tokens_per_s": 1.1195920850134087,
  "peak_mem_bytes": 17658867712,
  "residual_mem_bytes": 11180327936,
  "context_tokens": 286220,
  "context_tokens_truncated": 4096,
  "ttft_seconds": 7.196591100015212,
  "tpot_ms": 893.1824486665815,
  "total_flops": 13636185620480.0,
  "avg_flops_per_token": 90907904136.53334,
  "error": null
}