{
  "model": "EleutherAI/pythia-2.8b",
  "dataset": "wikitext",
  "subset": null,
  "sample_idx": null,
  "tokens": 286220,
  "loss": 2.330233097076416,
  "ppl": 10.280337570410179,
  "press": "knorm",
  "compression_ratio": 0.5,
  "attn_implementation": null,
  "speed_tokens_per_s": 1.1587371672737243,
  "throughput_tokens_per_s": 1.1587371672737243,
  "peak_mem_bytes": 17687532032,
  "residual_mem_bytes": 11180327936,
  "context_tokens": 286220,
  "context_tokens_truncated": 4096,
  "ttft_seconds": 30.612377100012964,
  "tpot_ms": 863.0084787500164,
  "total_flops": 16144379412480.0,
  "avg_flops_per_token": 20180474265.6,
  "error": null
}