{
  "model": "EleutherAI/pythia-2.8b",
  "dataset": "wikitext",
  "subset": null,
  "sample_idx": null,
  "tokens": 286220,
  "loss": 2.330233097076416,
  "ppl": 10.280337570410179,
  "press": "random",
  "compression_ratio": 0.5,
  "attn_implementation": null,
  "speed_tokens_per_s": 0.8947936226573767,
  "throughput_tokens_per_s": 0.8947936226573767,
  "peak_mem_bytes": 17657950208,
  "residual_mem_bytes": 11180327936,
  "context_tokens": 286220,
  "context_tokens_truncated": 4096,
  "ttft_seconds": 30.257898199983174,
  "tpot_ms": 1117.5761367522705,
  "total_flops": 13508846551040.0,
  "avg_flops_per_token": 115460226931.9658,
  "error": null
}