{
  "model": "EleutherAI/pythia-2.8b",
  "dataset": "wikitext",
  "subset": null,
  "sample_idx": null,
  "tokens": 286220,
  "loss": 2.330233097076416,
  "ppl": 10.280337570410179,
  "press": "keydiff",
  "compression_ratio": 0.95,
  "attn_implementation": null,
  "speed_tokens_per_s": 1.6190948529763234,
  "throughput_tokens_per_s": 1.6190948529763234,
  "peak_mem_bytes": 17075897856,
  "residual_mem_bytes": 11180327936,
  "context_tokens": 286220,
  "context_tokens_truncated": 4096,
  "ttft_seconds": 7.5125121999999465,
  "tpot_ms": 617.6290401774401,
  "total_flops": 16101933056000.0,
  "avg_flops_per_token": 20408026686.9455,
  "error": null
}