{
  "model": "EleutherAI/pythia-2.8b",
  "dataset": "wikitext",
  "subset": null,
  "sample_idx": null,
  "tokens": 286220,
  "loss": 2.330233097076416,
  "ppl": 10.280337570410179,
  "press": "keydiff",
  "compression_ratio": 0.9,
  "attn_implementation": null,
  "speed_tokens_per_s": 1.5685745803169462,
  "throughput_tokens_per_s": 1.5685745803169462,
  "peak_mem_bytes": 17142980096,
  "residual_mem_bytes": 11180327936,
  "context_tokens": 286220,
  "context_tokens_truncated": 4096,
  "ttft_seconds": 8.17662109999219,
  "tpot_ms": 637.5214876923097,
  "total_flops": 16067204218880.0,
  "avg_flops_per_token": 20598979767.794872,
  "error": null
}