{
  "model": "EleutherAI/pythia-2.8b",
  "dataset": "wikitext",
  "subset": null,
  "sample_idx": null,
  "tokens": 286220,
  "loss": 2.330233097076416,
  "ppl": 10.280337570410179,
  "press": "random",
  "compression_ratio": 0.95,
  "attn_implementation": null,
  "speed_tokens_per_s": 1.5895717302724013,
  "throughput_tokens_per_s": 1.5895717302724013,
  "peak_mem_bytes": 17075594752,
  "residual_mem_bytes": 11180327936,
  "context_tokens": 286220,
  "context_tokens_truncated": 4096,
  "ttft_seconds": 30.47802539999975,
  "tpot_ms": 629.1002670440247,
  "total_flops": 16125085614080.0,
  "avg_flops_per_token": 20283126558.591194,
  "error": null
}