{
  "model": "EleutherAI/pythia-2.8b",
  "dataset": "wikitext",
  "subset": null,
  "sample_idx": null,
  "tokens": 286220,
  "loss": 2.330233097076416,
  "ppl": 10.280337570410179,
  "press": "random",
  "compression_ratio": 0.7,
  "attn_implementation": null,
  "speed_tokens_per_s": 0.8811762650978143,
  "throughput_tokens_per_s": 0.8811762650978143,
  "peak_mem_bytes": 17390383104,
  "residual_mem_bytes": 11180327936,
  "context_tokens": 286220,
  "context_tokens_truncated": 4096,
  "ttft_seconds": 30.66194990000804,
  "tpot_ms": 1134.8467265956099,
  "total_flops": 13420095078400.0,
  "avg_flops_per_token": 142766968919.14893,
  "error": null
}